Word Length,Longest Word,Letters,Total Words,
6,regard,adegrr,19,
6,washer,aehrsw,12,
7,beeswax,abeeswx,12,
7,context,cenottx,15,
7,dynamic,acdimny,13,
7,biotech,bcehiot,13,
7,obelisk,beiklos,12,
7,cynical,accilny,13,
7,gesture,eegrstu,19,
7,glowing,ggilnow,16,
7,scratch,acchrst,11,
7,tourism,imorstu,17,
7,managed,aadegmn,13,
7,tonight,ghinott,15,
7,rapidly,adilpry,12,
8,bathroom,abhmoort,12,
8,republic,bceilpru,13,
8,tendency,cdeennty,15,
8,printing,giinnprt,17,
8,occasion,accinoos,13,
8,barefoot,abefoort,14,
6,brazen,abenrz,13,
6,sentry,enrsty,20,
6,patron,anoprt,20,
6,record,cdeorr,16,
7,catalog,aacglot,19,
7,musical,acilmsu,13,
7,control,clnoort,20,
7,keyword,dekorwy,9,
7,costume,cemostu,14,
7,columns,clmnosu,16,
7,nothing,ghinnot,15,
7,enacted,acdeent,14,
7,partner,aenprrt,16,
8,peephole,eeehlopp,14,
8,actually,aaclltuy,15,
8,lighting,gghiilnt,15,
7,unified,defiinu,15,
7,himself,efhilms,12,
7,weapons,aenopsw,14,
7,becomes,bceemos,13,
7,updated,addeptu,16,
7,members,beemmrs,15,
7,measure,aeemrsu,16,
7,herring,eghinrr,15,
7,pattern,aenprtt,16,
7,overlay,aelorvy,12,
8,goodwill,dgilloow,17,
8,cannibal,aabcilnn,18,
8,homeless,eehlmoss,14,
5,bread,abder,17,
6,hockey,cehkoy,9,
6,thrown,hnortw,14,
6,spider,deiprs,15,
7,vaccine,acceinv,15,
7,gravity,agirtvy,15,
7,package,aacegkp,12,
7,garland,aadglnr,20,
7,concert,ccenort,20,
7,founded,ddefnou,15,
7,warning,aginnrw,16,
7,insurer,einrrsu,21,
7,grandma,aadgmnr,17,
8,although,aghhlotu,12,
8,eyeliner,eeeilnry,19,
8,frequent,eefnqrtu,12,
8,titanium,aiimnttu,20,
8,reindeer,deeeinrr,17,
6,amulet,aelmtu,20,
6,handle,adehln,19,
6,broken,beknor,14,
6,weight,eghitw,11,
6,lights,ghilst,17,
6,mousse,emossu,19,
7,cupcake,accekpu,11,
7,comfort,cfmoort,15,
7,someone,eemnoos,20,
7,covered,cdeeorv,13,
7,caramel,aacelmr,14,
7,anymore,aemnory,13,
7,engines,eeginns,21,
7,foreign,efginor,14,
7,designs,deginss,17,
7,lighter,eghilrt,15,
7,console,celnoos,17,
7,outside,deiostu,18,
7,percent,ceenprt,14,
7,lesions,eilnoss,21,
8,unlawful,afllnuuw,15,
8,sorcerer,ceeorrrs,20,
8,mandarin,aadimnnr,16,
8,celeriac,acceeilr,14,
8,thinking,ghiiknnt,10,
8,haunting,aghinntu,13,
6,sexual,aelsux,14,
6,impose,eimops,16,
6,costly,closty,17,
6,reduce,cdeeru,17,
7,bassoon,abnooss,19,
7,despite,deeipst,16,
7,brought,bghortu,12,
7,noodles,delnoos,19,
7,default,adefltu,14,
7,sending,deginns,16,
8,goldfish,dfghilos,13,
8,tiramisu,aiimrstu,17,
8,standout,adnosttu,20,
8,suburban,abbnrsuu,14,
6,method,dehmot,15,
6,archer,acehrr,16,
6,golden,deglno,21,
7,extract,acerttx,14,
7,anthill,ahillnt,20,
7,uniform,fimnoru,16,
7,cookies,ceikoos,12,
7,alcohol,achlloo,15,
7,crowbar,abcorrw,14,
7,cleaner,aceelnr,17,
7,treated,adeertt,19,
7,dentist,deinstt,20,
8,climbing,bcgiilmn,14,
6,plaice,aceilp,17,
6,formal,aflmor,16,
6,fairly,afilry,17,
6,crayon,acnory,15,
7,ferment,eefmnrt,19,
7,educate,acdeetu,17,
7,knowing,giknnow,12,
7,gossipy,giopssy,14,
7,invalid,adiilnv,17,
7,outfits,fiosttu,19,
7,amongst,agmnost,17,
7,support,opprstu,17,
7,eclipse,ceeilps,14,
8,affinity,affiinty,12,
8,ordinary,adinorry,16,
8,governor,egnoorrv,17,
8,cocktail,acciklot,11,
8,pendulum,delmnpuu,13,
8,mandolin,adilmnno,15,
6,picked,cdeikp,12,
6,random,admnor,19,
6,invert,einrtv,21,
7,hopeful,efhlopu,15,
7,sawfish,afhissw,12,
7,enjoyed,deejnoy,12,
7,monthly,hlmnoty,12,
7,summary,ammrsuy,15,
7,emperor,eemoprr,16,
7,goddess,ddegoss,19,
7,playing,agilnpy,13,
7,perfect,ceefprt,15,
7,workers,ekorrsw,12,
7,sharing,aghinrs,15,
8,ministry,iimnrsty,18,
8,bullhead,abdehllu,14,
6,basket,abekst,14,
6,mature,aemrtu,21,
6,nearly,aelnry,20,
6,butler,belrtu,20,
6,shaver,aehrsv,13,
6,secure,ceersu,21,
7,crystal,aclrsty,14,
7,weekend,deeeknw,13,
8,confront,cfnnoort,18,
8,taxation,aainottx,15,
8,anything,aghinnty,12,
8,continue,ceinnotu,18,
8,masseuse,aeemsssu,16,
6,defeat,adeeft,16,
6,radish,adhirs,19,
6,refuse,eefrsu,20,
6,greedy,deegry,16,
6,mapper,aemppr,15,
7,private,aeiprtv,15,
7,extends,deenstx,14,
7,consent,cennost,20,
7,feather,aeefhrt,14,
7,trading,adginrt,18,
7,desired,ddeeirs,17,
8,broccoli,bcciloor,17,
8,brochure,bcehorru,13,
8,trustful,flrsttuu,20,
8,identify,defiinty,13,
8,violence,ceeilnov,13,
8,momentum,emmmnotu,18,
8,diplomat,adilmopt,14,
6,bishop,bhiops,14,
6,boiled,bdeilo,20,
6,boxers,beorsx,17,
6,carbon,abcnor,17,
7,phoenix,ehinopx,14,
7,satisfy,afissty,16,
7,smaller,aellmrs,18,
8,sympathy,ahmpstyy,11,
8,doubtful,bdflotuu,17,
8,parallel,aaelllpr,20,
8,survival,ailrsuvv,15,
8,necklace,acceekln,12,
8,guardian,aadginru,18,
7,waiting,agiintw,18,
7,complex,celmopx,13,
7,florist,filorst,17,
7,gazelle,aeegllz,13,
7,rectory,ceorrty,18,
7,culture,celrtuu,20,
7,harmful,afhlmru,15,
7,through,ghhortu,16,
7,plumber,belmpru,13,
7,reduced,cddeeru,14,
7,anytime,aeimnty,13,
7,indulge,degilnu,17,
8,epilogue,eegilopu,20,
8,terrible,beeilrrt,19,
8,platform,aflmoprt,14,
8,analysis,aailnssy,20,
6,carpet,aceprt,16,
6,holder,dehlor,19,
6,magnet,aegmnt,21,
6,sickle,ceikls,16,
6,school,chloos,17,
6,blocks,bcklos,13,
6,modern,demnor,20,
6,differ,deffir,14,
6,shower,ehorsw,13,
6,prison,inoprs,21,
7,codfish,cdfhios,14,
7,compose,cemoops,13,
7,fashion,afhinos,16,
7,expired,deeiprx,17,
7,confuse,cefnosu,20,
7,variate,aaeirtv,21,
7,induced,cddeinu,18,
7,devices,cdeeisv,13,
7,counsel,celnosu,18,
7,herself,eefhlrs,14,
7,picture,ceiprtu,16,
7,torpedo,deooprt,16,
7,integer,eeginrt,21,
8,mobility,biilmoty,18,
8,pamphlet,aehlmppt,14,
8,positive,eiiopstv,15,
8,omelette,eeelmott,19,
8,perceive,ceeeiprv,13,
8,concrete,cceenort,16,
6,format,afmort,18,
6,forced,cdefor,17,
7,athlete,aeehltt,20,
7,balance,aabceln,20,
7,combine,bceimno,17,
7,privacy,aciprvy,13,
7,monocle,celmnoo,20,
7,convert,cenortv,15,
7,drawing,adginrw,15,
8,colorful,cfllooru,18,
8,involved,deilnovv,15,
8,northern,ehnnorrt,17,
6,shaker,aehkrs,13,
7,falling,afgilln,19,
7,channel,acehlnn,18,
7,surgery,egrrsuy,21,
7,trumpet,emprttu,18,
7,machine,acehimn,13,
7,angelic,acegiln,18,
7,stopped,deoppst,15,
7,manatee,aaeemnt,21,
7,hunters,ehnrstu,20,
7,lenders,deelnrs,20,
8,protocol,cloooprt,20,
8,prohibit,bhiioprt,16,
8,publicly,bcillpuy,15,
6,hawker,aehkrw,13,
6,brandy,abdnry,17,
6,carter,acerrt,21,
7,attacks,aackstt,16,
7,booking,bgiknoo,15,
7,vehicle,ceehilv,14,
7,honesty,ehnosty,16,
7,shelter,eehlrst,19,
7,closely,cellosy,19,
7,appears,aaepprs,16,
7,premium,eimmpru,16,
8,squirrel,eilqrrsu,15,
8,emerging,eeggimnr,16,
8,antidote,adeinott,20,
8,download,addlnoow,18,
6,factor,acfort,18,
7,beloved,bdeelov,17,
7,asphalt,aahlpst,15,
7,keynote,eeknoty,16,
7,seeking,eegikns,16,
7,holding,dghilno,20,
7,soursop,ooprssu,21,
7,linseed,deeilns,21,
7,deserve,deeersv,15,
8,musician,aciimnsu,15,
8,appendix,adeinppx,11,
8,location,acilnoot,18,
6,beyond,bdenoy,16,
7,realize,aeeilrz,20,
7,diagram,aadgimr,20,
7,faculty,acfltuy,14,
7,styling,gilnsty,17,
7,cutlery,celrtuy,15,
7,builder,bdeilru,17,
7,fitness,efinsst,19,
8,accurate,aaccertu,17,
6,nickel,ceikln,16,
6,coiled,cdeilo,21,
6,demand,addemn,18,
7,ketchup,cehkptu,12,
7,choices,ccehios,14,
7,emerald,adeelmr,17,
7,density,deinsty,19,
8,valuable,aabelluv,19,
8,squadron,adnoqrsu,17,
8,multiple,eillmptu,16,
7,looking,giklnoo,20,
7,cooking,cgiknoo,15,
7,mascara,aaacmrs,17,
8,handcuff,acdffhnu,11,
8,baguette,abeegttu,21,
8,powerful,eflopruw,14,
8,tentacle,aceelntt,20,
8,meringue,eegimnru,18,
8,recently,ceelnrty,16,
8,turnover,enorrtuv,20,
6,walker,aeklrw,16,
6,chrome,cehmor,15,
6,threat,aehrtt,21,
7,fragile,aefgilr,18,
7,holiday,adhiloy,17,
7,painful,afilnpu,19,
7,cassock,acckoss,14,
7,newborn,bennorw,18,
7,undergo,degnoru,19,
7,cleaned,acdeeln,17,
7,prepare,aeepprr,18,
8,knockout,ckknootu,15,
8,building,bdgiilnu,18,
8,unafraid,aadfinru,17,
8,critical,acciilrt,16,
8,opposite,eiooppst,16,
6,mother,ehmort,18,
7,snowman,amnnosw,18,
7,ladybug,abdgluy,16,
7,glazier,aegilrz,13,
7,hearing,aeghinr,16,
7,expands,adenpsx,14,
7,inspire,eiinprs,20,
7,counter,cenortu,20,
8,maximize,aeiimmxz,10,
8,explicit,ceiilptx,15,
8,cinnamon,acimnnno,18,
8,paperboy,abeoppry,12,
8,antimony,aimnnoty,15,
6,charge,aceghr,18,
7,anarchy,aachnry,14,
7,average,aaeegrv,19,
7,enforce,ceefnor,17,
7,forward,adforrw,16,
7,insects,ceinsst,21,
8,venomous,emnoosuv,17,
8,trombone,bemnoort,18,
8,exciting,cegiintx,17,
8,parakeet,aaeekprt,16,
8,conclude,ccdelnou,16,
6,tackle,aceklt,18,
6,gather,aeghrt,21,
7,rowlock,ckloorw,15,
7,dropped,ddeoppr,19,
7,excuses,ceessux,15,
7,bandage,aabdegn,19,
7,sublime,beilmsu,17,
7,animals,aailmns,21,
7,reality,aeilrty,21,
8,approval,aalopprv,17,
8,ceremony,ceemnory,14,
8,coverage,aceegorv,15,
8,barracks,aabckrrs,13,
8,offshore,effhoors,13,
8,volatile,aeillotv,17,
8,required,deeiqrru,13,
6,shadow,adhosw,15,
6,packed,acdekp,14,
6,bakery,abekry,15,
7,mailbox,abilmox,16,
7,buffalo,abfflou,14,
7,explode,deelopx,17,
7,project,cejoprt,19,
7,exceeds,cdeeesx,12,
7,garbage,aabeggr,20,
7,swallow,allosww,17,
8,aircraft,aacfirrt,19,
8,flatware,aaeflrtw,18,
8,unicycle,cceilnuy,18,
8,meatball,aabellmt,17,
8,evidence,cdeeeinv,13,
6,impart,aimprt,20,
7,experts,eeprstx,17,
7,grabbed,abbdegr,15,
7,whiting,ghiintw,15,
7,careers,aceerrs,20,
7,terrace,aceerrt,19,
8,prolific,cfiilopr,17,
8,activist,aciisttv,20,
6,betray,aberty,21,
6,gravel,aeglrv,21,
7,peacock,accekop,14,
7,product,cdoprtu,21,
7,uncover,cenoruv,20,
7,implode,deilmop,16,
7,servers,eerrssv,20,
7,truffle,efflrtu,18,
8,advanced,aacddenv,17,
8,impotent,eimnoptt,17,
8,complete,ceelmopt,15,
8,emission,eiimnoss,20,
6,driven,deinrv,21,
7,awesome,aeemosw,19,
7,visible,beiilsv,20,
7,because,abceesu,20,
7,acrylic,accilry,19,
7,quicker,ceikqru,12,
7,applied,adeilpp,16,
7,growers,egorrsw,18,
8,lipstick,ciiklpst,14,
8,eggplant,aegglnpt,20,
8,swimming,giimmnsw,17,
8,cheerful,ceefhlru,15,
7,finally,afillny,19,
7,traffic,acffirt,16,
7,cricket,cceikrt,17,
7,affects,aceffst,14,
7,wedding,ddeginw,17,
7,federal,adeeflr,17,
7,peasant,aaenpst,20,
8,postpone,enooppst,21,
6,amused,ademsu,21,
7,tequila,aeilqtu,18,
7,acrobat,aabcort,21,
7,dropper,deopprr,20,
7,notably,ablnoty,21,
7,muffler,efflmru,16,
7,wanting,aginntw,20,
7,writers,eirrstw,20,
7,numbers,bemnrsu,18,
7,destroy,deorsty,19,
8,anywhere,aeehnrwy,14,
8,mortgage,aeggmort,20,
8,renowned,deennorw,17,
6,polish,hilops,20,
6,covers,ceorsv,20,
6,relief,eefilr,21,
6,spread,adeprs,19,
7,kidneys,deiknsy,14,
7,employs,elmopsy,15,
7,opossum,moopssu,21,
7,offices,ceffios,14,
7,capable,aabcelp,19,
7,brother,behorrt,19,
7,acquire,aceiqru,17,
7,kitchen,cehiknt,12,
7,cleanse,aceelns,21,
7,neither,eehinrt,20,
8,armchair,aachimrr,16,
8,employee,eeelmopy,17,
8,judgment,degjmntu,20,
8,apparent,aaenpprt,18,
7,jointly,ijlnoty,20,
7,greyish,eghirsy,20,
7,butcher,bcehrtu,16,
7,compete,ceemopt,19,
7,roughly,ghloruy,17,
7,offered,deeffor,18,
7,cheetah,aceehht,15,
7,options,inoopst,20,
7,assumed,ademssu,18,
8,mobilize,beiilmoz,17,
6,faster,aefrst,20,
6,partly,alprty,18,
7,balcony,abclnoy,18,
7,magnify,afgimny,16,
8,doorknob,bdknooor,19,
8,magician,aacgiimn,18,
8,patented,adeenptt,19,
8,constant,acnnostt,20,
8,fourteen,eefnortu,21,
6,barker,abekrr,18,
7,whether,eehhrtw,17,
7,hairnet,aehinrt,21,
7,feeling,eefgiln,21,
7,glacier,acegilr,20,
7,griddle,ddegilr,19,
8,economic,cceimnoo,20,
8,feedback,abcdeefk,11,
8,intended,ddeeinnt,19,
7,tighten,eghintt,21,
7,plastic,acilpst,19,
7,greatly,aeglrty,21,
7,brindle,bdeilnr,19,
7,corners,cenorrs,21,
8,abductor,abcdortu,18,
8,exchange,aceeghnx,15,
8,presence,ceeenprs,19,
8,property,eopprrty,16,
8,daydream,aaddemry,16,
7,tickets,ceikstt,20,
7,exclude,cdeelux,15,
7,sheriff,effhirs,15,
7,obliged,bdegilo,19,
7,hosting,ghinost,18,
8,clothing,cghilnot,17,
8,campaign,aacgimnp,16,
6,marked,adekmr,19,
6,lawyer,aelrwy,19,
7,chronic,cchinor,18,
7,arrived,adeirrv,20,
7,dispute,deipstu,21,
7,organic,acginor,20,
7,efforts,efforst,16,
7,refresh,eefhrrs,20,
7,answers,aenrssw,21,
7,gallery,aegllry,18,
8,cardinal,aacdilnr,21,
8,meditate,adeeimtt,18,
6,ethnic,cehint,19,
6,trucks,ckrstu,18,
6,shovel,ehlosv,20,
7,examine,aeeimnx,17,
7,garment,aegmnrt,21,
7,highest,eghhist,13,
8,tricycle,cceilrty,17,
7,beaches,abceehs,18,
7,jackets,acejkst,13,
7,cheddar,acddehr,17,
8,birthday,abdhirty,15,
8,downcast,acdnostw,20,
8,carnival,aacilnrv,19,
8,squatted,adeqsttu,18,
8,proposal,aloopprs,19,
8,cauldron,acdlnoru,21,
8,shopping,ghinopps,14,
6,skewer,eekrsw,19,
7,objects,bcejost,18,
7,hospice,cehiops,15,
7,tadpole,adelopt,20,
7,excited,cdeeitx,18,
7,incomes,ceimnos,20,
7,notepad,adenopt,21,
7,defined,ddeefin,19,
7,vinegar,aeginrv,19,
7,certify,cefirty,20,
7,bedroom,bdemoor,17,
8,taxpayer,aaeprtxy,15,
8,baseball,aabbells,19,
6,switch,chistw,17,
7,exploit,eiloptx,20,
7,healthy,aehhlty,18,
8,backyard,aabcdkry,16,
8,hardship,adhhiprs,16,
8,pediment,deeimnpt,17,
8,advocate,aacdeotv,15,
8,electric,cceeilrt,21,
8,position,iinoopst,21,
8,blowfish,bfhilosw,13,
6,reckon,ceknor,18,
6,escape,aceeps,21,
7,pancake,aaceknp,18,
7,psychic,cchipsy,14,
7,captain,aacinpt,21,
7,chimney,cehimny,16,
7,towards,adorstw,21,
8,notebook,beknooot,21,
8,muscular,aclmrsuu,20,
8,together,eeghortt,20,
8,included,cddeilnu,19,
6,linked,deikln,21,
8,penknife,eefiknnp,18,
8,cemetery,ceeemrty,20,
8,flagship,afghilps,16,
8,database,aaabdest,21,
8,document,cdemnotu,20,
8,takeover,aeekortv,17,
7,chamber,abcehmr,15,
7,camping,acgimnp,19,
7,fearful,aefflru,21,
8,shoehorn,ehhnoors,20,
7,applies,aeilpps,21,
7,flavour,afloruv,20,
8,negative,aeegintv,20,
7,watched,acdehtw,15,
7,cameras,aacemrs,20,
8,forklift,ffiklort,21,
8,complain,acilmnop,18,
8,headline,adeehiln,21,
7,pickaxe,aceikpx,14,
8,gracious,acgiorsu,21,
6,choker,cehkor,16,
7,example,aeelmpx,19,
7,trachea,aacehrt,19,
7,railway,aailrwy,21,
7,eyebrow,beeorwy,19,
7,provide,deioprv,18,
7,drivers,deirrsv,21,
7,queries,eeiqrsu,19,
8,favorite,aefiortv,20,
6,cashew,acehsw,17,
7,reached,acdeehr,18,
7,methods,dehmost,19,
8,jumpsuit,ijmpstuu,19,
8,accident,accdeint,20,
8,slightly,ghillsty,19,
6,wealth,aehltw,21,
7,windows,dinosww,20,
7,chalice,accehil,18,
7,stumble,belmstu,21,
8,ideology,degilooy,20,
8,memorial,aeilmmor,21,
7,orchard,acdhorr,20,
7,spinach,achinps,16,
7,browser,beorrsw,20,
8,watchman,aachmntw,17,
8,graffiti,affgiirt,21,
8,perfumer,eefmprru,20,
6,blazer,abelrz,18,
7,cheaper,aceehpr,16,
7,company,acmnopy,17,
8,symbolic,bcilmosy,17,
8,urbanity,abinrtuy,21,
7,mistake,aeikmst,20,
7,officer,ceffior,18,
8,schedule,cdeehlsu,20,
8,educated,acddeetu,19,
7,diffuse,deffisu,20,
7,exactly,aceltxy,18,
7,produce,cdeopru,20,
8,official,acffiilo,21,
8,normally,allmnory,20,
7,imposed,deimops,20,
8,overcome,ceemoorv,21,
7,perform,efmoprr,20,
8,firework,efikorrw,18,
8,properly,elopprry,17,
7,hoedown,dehnoow,20,
7,follows,flloosw,20,
7,therapy,aehprty,18,
8,atomized,adeimotz,16,
8,touching,cghinotu,19,
8,firewood,defioorw,18,
8,equality,aeilqtuy,12,
7,heavily,aehilvy,21,
7,compare,acemopr,19,
7,escaped,acdeeps,20,
8,flexible,beefillx,20,
7,giraffe,aeffgir,20,
7,preview,eeiprvw,21,
7,decking,cdegikn,20,
7,verdict,cdeirtv,21,
8,forehead,adeefhor,20,
7,observe,beeorsv,21,
8,dynamics,acdimnsy,18,
8,magazine,aaegimnz,17,
6,thanks,ahknst,20,
7,mermaid,adeimmr,21,
8,tweezers,eeerstwz,19,
8,employer,eelmopry,19,
8,informal,afilmnor,21,
7,flowery,eflorwy,21,
7,desktop,dekopst,20,
7,keeping,eegiknp,21,
8,mulberry,belmrruy,20,
8,freezing,eefginrz,18,
7,flowers,eflorsw,21,
8,contrary,acnorrty,21,
7,expects,ceepstx,19,
8,perfumed,deefmpru,19,
7,reviews,eeirsvw,20,
7,knocker,cekknor,20,
7,cleaver,aceelrv,21,
8,scaffold,acdfflos,20,
8,overview,eeiorvvw,21,
7,divorce,cdeiorv,21,
8,offering,effginor,20,
7,charged,acdeghr,21,
7,however,eehorvw,21,
8,workshop,hkooprsw,17,
8,weighted,deeghitw,17,
8,equation,aeinoqtu,17,
7,chicken,ccehikn,18,
7,whiskey,ehikswy,17,
7,weather,aeehrtw,21,
8,sandwich,acdhinsw,20,
8,mystique,eimqstuy,19,
8,mechanic,accehimn,19,
8,cockeyed,ccdeekoy,19,
8,excluded,cddeelux,19,
7,amplify,afilmpy,21,
8,checkers,cceehkrs,21,
6,toilet,eilott,9,
6,tanned,adennt,9,
5,tools,loost,11,
6,tongue,egnotu,10,
7,illness,eillnss,9,
6,series,eeirss,11,
5,lease,aeels,12,
6,rector,ceorrt,9,
6,sailor,ailors,10,
7,lessons,elnosss,9,
8,nauseous,aenossuu,9,
5,lodge,deglo,9,
6,soccer,cceors,9,
6,settle,eelstt,12,
6,spiral,ailprs,9,
6,ruling,gilnru,10,
7,monsoon,mnnooos,9,
7,intense,eeinnst,10,
5,debit,bdeit,9,
6,marmot,ammort,9,
6,survey,ersuvy,9,
6,bolero,beloor,10,
6,ermine,eeimnr,9,
6,carrot,acorrt,10,
6,suntan,annstu,13,
6,string,ginrst,9,
6,return,enrrtu,12,
6,result,elrstu,10,
7,trigger,eggirrt,10,
7,airline,aeiilnr,10,
8,district,cdiirstt,9,
8,initiate,aeiiintt,12,
6,lentil,eillnt,13,
7,million,iillmno,10,
7,augural,aaglruu,11,
6,pollen,ellnop,10,
6,sconce,ccenos,10,
6,dragon,adgnor,9,
6,seller,eellrs,13,
6,center,ceenrt,10,
7,mission,iimnoss,10,
7,classic,accilss,10,
7,learner,aeelnrr,10,
5,super,eprsu,11,
6,oxtail,ailotx,9,
6,refute,eefrtu,9,
6,access,access,9,
6,manner,aemnnr,10,
6,cudgel,cdeglu,9,
6,versus,erssuv,12,
6,stroll,llorst,13,
6,winter,einrtw,9,
7,logging,gggilno,10,
7,lettuce,ceelttu,9,
7,android,addinor,9,
8,stunning,ginnnstu,9,
5,early,aelry,9,
6,toucan,acnotu,11,
6,lucent,celntu,11,
7,villain,aiillnv,9,
7,journal,ajlnoru,10,
7,selling,egillns,10,
8,strength,eghnrstt,9,
6,seesaw,aeessw,10,
6,dinner,deinnr,12,
6,riding,dgiinr,10,
6,cattle,aceltt,11,
6,gargle,aegglr,11,
7,success,ccesssu,10,
7,nucleus,celnsuu,10,
7,glitter,egilrtt,11,
5,sloth,hlost,10,
6,celery,ceelry,9,
6,obtain,abinot,11,
6,bitter,beirtt,11,
6,season,aenoss,14,
6,enable,abeeln,11,
7,urinary,ainrruy,9,
7,outdoor,dooortu,12,
7,contact,accnott,9,
7,collect,ccellot,10,
7,correct,cceorrt,10,
7,ancient,aceinnt,9,
6,square,aeqrsu,13,
6,miller,eillmr,11,
6,writer,eirrtw,10,
6,turnip,inprtu,11,
6,select,ceelst,12,
7,furious,fiorsuu,9,
5,wings,ginsw,9,
6,wallet,aelltw,11,
6,pencil,ceilnp,10,
6,fallen,aeflln,10,
6,trying,ginrty,10,
6,ferret,eefrrt,9,
6,cornea,acenor,9,
6,repose,eeoprs,9,
6,temple,eelmpt,9,
6,glider,degilr,9,
7,origami,agiimor,9,
7,islands,adilnss,11,
7,alleged,adeegll,9,
7,entered,deeenrt,10,
8,maintain,aaiimnnt,10,
8,division,diiinosv,9,
5,olive,eilov,9,
6,martin,aimnrt,12,
6,dredge,ddeegr,10,
6,rising,giinrs,12,
7,morning,gimnnor,11,
7,digital,adgiilt,12,
7,massage,aaegmss,9,
7,luggage,aeggglu,10,
7,session,einosss,14,
7,snuggle,egglnsu,10,
7,outline,eilnotu,12,
8,addition,addiinot,12,
8,national,aailnnot,12,
8,business,beinsssu,10,
6,chisel,cehils,10,
6,graver,aegrrv,10,
6,collar,acllor,11,
6,spirit,iiprst,11,
6,sister,eirsst,13,
6,option,inoopt,11,
6,garget,aeggrt,12,
7,lingual,agillnu,13,
7,nations,ainnost,12,
8,clinical,acciilln,10,
6,stupid,dipstu,11,
6,helper,eehlpr,10,
6,mostly,lmosty,11,
7,quarter,aeqrrtu,11,
7,ceiling,cegiiln,11,
7,connect,ccennot,12,
7,sinless,eilnsss,15,
7,totally,allotty,11,
6,butter,berttu,11,
6,suites,eisstu,15,
6,router,eorrtu,15,
7,cuticle,cceiltu,12,
7,curious,ciorsuu,11,
7,bottles,belostt,10,
7,absence,abceens,9,
7,blender,bdeelnr,9,
8,evaluate,aaeeltuv,9,
6,hunter,ehnrtu,13,
6,remove,eemorv,9,
6,eraser,aeerrs,16,
6,talent,aelntt,16,
6,desert,deerst,12,
7,between,beeentw,10,
7,piranha,aahinpr,10,
7,guessed,deegssu,10,
7,neurons,ennorsu,13,
7,causing,acginsu,9,
6,lizard,adilrz,13,
6,killed,deikll,10,
6,merely,eelmry,10,
6,garlic,acgilr,13,
6,depend,ddeenp,10,
6,garden,adegnr,10,
7,dolphin,dhilnop,11,
7,cottage,acegott,12,
7,actuary,aacrtuy,10,
7,antacid,aacdint,11,
7,unscrew,cenrsuw,9,
7,century,cenrtuy,9,
7,putting,ginpttu,11,
7,muscles,celmssu,9,
7,classes,acelsss,11,
7,release,aeeelrs,13,
8,alliance,aaceilln,11,
8,rigorous,gioorrsu,12,
5,weird,deirw,10,
6,mitten,eimntt,13,
6,inhale,aehiln,14,
6,senior,einors,14,
6,regime,eegimr,10,
6,sector,ceorst,10,
7,missing,giimnss,12,
7,massive,aeimssv,9,
7,concern,ccennor,11,
7,message,aeegmss,10,
7,buttons,bnosttu,11,
7,scandal,aacdlns,10,
7,infants,afinnst,10,
7,colours,cloorsu,10,
8,beetroot,beeoortt,10,
6,damage,aadegm,10,
6,binder,bdeinr,9,
7,calcium,accilmu,9,
7,enemies,eeeimns,12,
7,goodies,degioos,10,
8,mounting,gimnnotu,10,
6,marlin,ailmnr,15,
6,saying,aginsy,12,
6,biceps,bceips,9,
6,update,adeptu,11,
6,rotten,enortt,17,
6,pursue,eprsuu,13,
7,usually,allsuuy,12,
7,adopted,addeopt,9,
7,flannel,aefllnn,11,
7,twitter,eirtttw,12,
6,acumen,acemnu,11,
6,submit,bimstu,12,
6,bumper,bempru,9,
6,stitch,chistt,9,
6,should,dhlosu,11,
6,unlike,eiklnu,11,
6,during,dginru,13,
6,summer,emmrsu,13,
6,bundle,bdelnu,12,
6,goblet,beglot,12,
6,eating,aegint,15,
6,nougat,agnotu,15,
6,ensure,eenrsu,17,
6,target,aegrtt,15,
6,prance,acenpr,9,
6,tripod,dioprt,12,
6,throne,ehnort,10,
6,intend,deinnt,14,
7,outcome,cemootu,11,
7,anemone,aeemnno,13,
7,drizzle,deilrzz,11,
7,imaging,aggiimn,10,
7,canteen,aceennt,13,
7,albumen,abelmnu,9,
7,reflect,ceeflrt,9,
7,diurnal,adilnru,12,
7,outlets,elosttu,14,
7,irrupts,iprrstu,10,
7,license,ceeilns,11,
7,nurture,enrrtuu,15,
8,cultural,acllrtuu,13,
8,levitate,aeeilttv,11,
8,illusion,iillnosu,17,
8,mountain,aimnnotu,11,
8,standard,aaddnrst,12,
8,planning,agilnnnp,9,
6,polite,eilopt,14,
6,empire,eeimpr,11,
6,throat,ahortt,13,
6,attest,aesttt,18,
6,rarely,aelrry,12,
6,entire,eeinrt,17,
6,singer,eginrs,13,
7,airtime,aeiimrt,11,
7,install,aillnst,15,
7,pennant,aennnpt,13,
7,popcorn,cnooppr,10,
7,dressed,ddeerss,14,
7,discuss,cdisssu,11,
7,stylist,ilsstty,14,
7,disease,adeeiss,12,
8,lollipop,illloopp,11,
8,rollover,elloorrv,12,
8,football,abflloot,10,
8,suddenly,ddelnsuy,10,
8,petition,eiinoptt,10,
8,tortilla,aillortt,14,
8,ultimate,aeilmttu,11,
5,sharp,ahprs,10,
6,police,ceilop,11,
6,beside,bdeeis,12,
6,friend,definr,9,
6,halter,aehlrt,11,
7,varsity,airstvy,11,
7,robbery,bbeorry,9,
7,evening,eeginnv,11,
7,enhance,aceehnn,9,
7,visuals,ailssuv,12,
7,seasons,aenosss,17,
7,climate,aceilmt,9,
7,schools,chlooss,9,
7,plotter,eloprtt,11,
8,language,aaegglnu,12,
6,taking,agiknt,12,
6,beaten,abeent,14,
6,volume,elmouv,10,
6,blinds,bdilns,12,
6,pigeon,eginop,12,
6,soviet,eiostv,12,
6,cereal,aceelr,14,
6,poison,inoops,13,
6,client,ceilnt,15,
6,decide,cddeei,10,
6,garter,aegrrt,15,
6,sensor,enorss,17,
7,account,accnotu,13,
7,dollars,adllors,13,
7,station,ainostt,15,
7,written,einrttw,12,
7,viruses,eirssuv,12,
7,burnish,bhinrsu,9,
7,tremble,beelmrt,10,
7,patient,aeinptt,11,
8,specific,ccefiips,9,
8,shinbone,behinnos,11,
8,criminal,aciilmnr,9,
8,eligible,beegiill,10,
8,meantime,aeeimmnt,10,
8,intimate,aeiimntt,11,
8,familiar,aafiilmr,9,
6,saving,aginsv,13,
6,female,aeeflm,11,
6,stingy,ginsty,14,
6,parrot,aoprrt,14,
7,anxiety,aeintxy,10,
7,believe,beeeilv,10,
7,victory,ciortvy,10,
7,council,ccilnou,12,
7,meaning,aegimnn,10,
7,limited,deiilmt,10,
8,mongoose,egmnooos,11,
8,handling,adghilnn,9,
6,import,imoprt,12,
6,oilman,ailmno,15,
6,bronze,benorz,9,
6,anchos,achnos,10,
6,barber,abberr,12,
6,inside,deiins,15,
6,condor,cdnoor,12,
6,seeing,eegins,15,
6,forest,eforst,10,
7,program,agmoprr,11,
7,volcano,aclnoov,12,
7,viaduct,acdituv,10,
7,glucose,ceglosu,12,
7,ability,abiilty,12,
7,further,efhrrtu,10,
7,trident,deinrtt,14,
7,science,cceeins,12,
7,ordered,ddeeorr,13,
7,imagine,aegiimn,10,
8,windmill,diillmnw,11,
8,sentence,ceeennst,15,
8,distrust,dirssttu,14,
8,confetti,cefinott,9,
8,engaging,aeggginn,11,
6,couple,celopu,11,
6,sesame,aeemss,14,
6,scares,acerss,12,
7,command,acdmmno,10,
7,citizen,ceiintz,9,
7,incense,ceeinns,14,
7,plunger,eglnpru,11,
8,warranty,aanrrtwy,9,
6,hammer,aehmmr,10,
6,cancer,accenr,13,
6,nebula,abelnu,15,
6,shrine,ehinrs,12,
7,mercury,cemrruy,9,
7,sitting,giinstt,16,
7,suggest,eggsstu,15,
7,decades,acddees,10,
7,pedicle,cdeeilp,9,
8,eminence,ceeeimnn,11,
8,fountain,afinnotu,11,
6,sudden,ddensu,15,
6,domain,adimno,12,
6,appeal,aaelpp,11,
6,region,eginor,16,
6,tennis,einnst,19,
7,arrival,aailrrv,14,
7,analyst,aalnsty,12,
7,extreme,eeemrtx,11,
7,natural,aalnrtu,18,
7,coroner,cenoorr,12,
7,outputs,opsttuu,12,
8,pipeline,eeiilnpp,12,
6,policy,cilopy,10,
6,sphinx,hinpsx,10,
6,debate,abdeet,13,
6,expand,adenpx,10,
6,copper,ceoppr,11,
6,greasy,aegrsy,11,
6,middle,ddeilm,13,
6,manure,aemnru,15,
6,mosaic,acimos,11,
6,scrubs,bcrssu,12,
6,fondue,defnou,12,
6,export,eoprtx,12,
6,genius,eginsu,16,
6,hurdle,dehlru,13,
7,artwork,akorrtw,12,
7,imitate,aeiimtt,14,
7,journey,ejnoruy,9,
7,corrupt,coprrtu,13,
7,biology,bgilooy,11,
7,helping,eghilnp,12,
7,satiate,aaeistt,20,
7,cascade,aaccdes,11,
7,content,cennott,16,
7,variant,aainrtv,15,
7,passion,ainopss,12,
7,expires,eeiprsx,9,
7,vaginal,aagilnv,11,
7,manager,aaegmnr,11,
7,current,cenrrtu,13,
7,dresser,deerrss,16,
7,focused,cdefosu,9,
7,rooster,eoorrst,15,
8,lifeless,eefillss,12,
8,amaranth,aaahmnrt,12,
8,tomorrow,mooorrtw,12,
8,strongly,glnorsty,11,
8,invasion,aiinnosv,13,
8,carriage,aacegirr,11,
8,reporter,eeoprrrt,12,
8,moreover,eemoorrv,9,
6,nature,aenrtu,21,
6,yogurt,gortuy,13,
6,salami,aailms,15,
6,border,bdeorr,13,
6,diaper,adeipr,11,
7,helpful,efhllpu,11,
7,hundred,ddehnru,14,
7,burrito,biorrtu,15,
7,assault,aalsstu,19,
7,geology,egglooy,11,
7,lateral,aaellrt,19,
7,carrier,aceirrr,14,
7,beliefs,beefils,10,
7,derived,ddeeirv,10,
7,sandals,aadlnss,16,
7,growing,gginorw,10,
8,cockatoo,acckooot,10,
8,portrait,aioprrtt,12,
6,normal,almnor,15,
6,gender,deegnr,15,
6,recall,acellr,14,
7,corsair,aciorrs,16,
7,doctors,cdoorst,13,
7,effects,ceeffst,10,
7,raccoon,accnoor,12,
7,prevent,eenprtv,11,
7,include,cdeilnu,11,
8,engineer,eeeginnr,15,
6,income,ceimno,13,
6,parade,aadepr,14,
6,palace,aacelp,12,
6,salmon,almnos,15,
6,debunk,bdeknu,10,
6,umpire,eimpru,12,
6,hanger,aeghnr,14,
6,street,eerstt,19,
6,heater,aeehrt,11,
7,survive,eirsuvv,15,
7,lasagna,aaaglns,17,
7,unicorn,cinnoru,15,
7,showing,ghinosw,9,
7,missile,eiilmss,12,
8,dandruff,addffnru,10,
8,overlook,eklooorv,12,
8,everyone,eeenorvy,9,
6,double,bdelou,14,
6,family,afilmy,9,
6,hardly,adhlry,10,
6,clover,celorv,12,
6,either,eehirt,14,
6,beggar,abeggr,13,
6,report,eoprrt,15,
6,relate,aeelrt,20,
7,cockpit,ccikopt,9,
7,mollusk,kllmosu,12,
7,moments,emmnost,13,
7,finesse,eefinss,15,
7,turning,ginnrtu,17,
7,changed,acdeghn,9,
7,printer,einprrt,14,
7,termite,eeimrtt,13,
8,annoying,aginnnoy,12,
8,academic,aaccdeim,9,
8,eighteen,eeeghint,11,
6,donkey,deknoy,10,
6,beluga,abeglu,14,
6,lesson,elnoss,21,
6,patent,aenptt,16,
6,prince,ceinpr,13,
6,reader,adeerr,16,
7,mixture,eimrtux,10,
7,consume,cemnosu,12,
7,blanket,abeklnt,10,
7,network,eknortw,10,
7,curtain,acinrtu,13,
7,devoted,ddeeotv,12,
7,explain,aeilnpx,11,
7,student,densttu,15,
8,likewise,eeiiklsw,9,
8,wineskin,eiiknnsw,10,
8,distinct,cdiinstt,15,
8,thorough,ghhoortu,9,
8,function,cfinnotu,11,
6,buckle,bceklu,10,
6,bonsai,abinos,15,
6,candle,acdeln,12,
6,latter,aelrtt,20,
7,benefit,beefint,13,
7,subsume,bemssuu,14,
7,immense,eeimmns,14,
7,barrier,abeirrr,15,
7,harmony,ahmnory,9,
7,veggies,eeggisv,12,
7,greeted,deeegrt,15,
7,bristly,bilrsty,13,
7,lifting,fgiilnt,13,
7,crucial,accilru,15,
7,crumple,celmpru,10,
7,indoors,dinoors,15,
7,delight,deghilt,11,
7,literal,aeillrt,17,
8,surround,dnorrsuu,18,
8,dropping,dginoppr,11,
8,vacation,aacinotv,11,
8,immortal,ailmmort,12,
8,dividend,dddeiinv,9,
8,painting,agiinnpt,11,
6,timely,eilmty,14,
6,easily,aeilsy,18,
6,cradle,acdelr,12,
6,asylum,almsuy,13,
6,temper,eemprt,14,
6,shorts,horsst,15,
6,dagger,adeggr,15,
6,almond,adlmno,14,
7,vanilla,aaillnv,14,
7,profile,efilopr,12,
7,waffles,aefflsw,9,
7,happens,aehnpps,10,
7,earlier,aeeilrr,21,
7,revenue,eeenruv,12,
7,javelin,aeijlnv,11,
7,planned,adelnnp,12,
7,insight,ghiinst,11,
7,protect,ceoprtt,12,
7,sailing,agiilns,15,
7,cartoon,acnoort,12,
8,marathon,aahmnort,12,
8,exercise,ceeeirsx,9,
8,midnight,dghiimnt,10,
8,interior,eiinorrt,17,
8,election,ceeilnot,13,
8,fighting,fgghiint,10,
8,changing,acgghinn,9,
8,horrible,behilorr,12,
6,camera,aacemr,13,
6,sundae,adensu,18,
6,arming,agimnr,15,
6,severe,eeersv,13,
6,reward,aderrw,11,
7,quetzal,aelqtuz,9,
7,ostrich,chiorst,11,
7,arrange,aaegnrr,18,
7,armorer,aemorrr,16,
7,clarity,acilrty,11,
7,enables,abeelns,14,
7,grouper,egoprru,12,
8,humanity,ahimntuy,9,
8,attitude,adeitttu,17,
8,doughnut,dghnotuu,10,
8,dominant,adimnnot,12,
8,catapult,aaclpttu,13,
8,pronouns,nnooprsu,13,
8,receiver,ceeeirrv,11,
5,acres,acers,17,
6,helmet,eehlmt,12,
6,health,aehhlt,13,
6,theory,ehorty,13,
6,peanut,aenptu,17,
6,kidney,deikny,10,
6,pigsty,gipsty,12,
6,social,acilos,17,
6,server,eerrsv,14,
7,coastal,aaclost,14,
7,cowbird,bcdiorw,11,
7,saffron,affnors,14,
7,library,abilrry,15,
7,mitosis,iimosst,16,
7,warfare,aaefrrw,13,
7,sunfish,fhinssu,13,
7,honored,dehnoor,12,
7,gradual,aadglru,17,
7,calling,acgilln,15,
7,awarded,aadderw,11,
7,gourmet,egmortu,14,
7,needles,deeelns,18,
7,explore,eeloprx,10,
7,cushion,chinosu,11,
7,tourist,iorsttu,18,
7,implied,deiilmp,10,
7,pottery,eoprtty,11,
7,trainee,aeeinrt,18,
7,despise,deeipss,12,
7,gadgets,adeggst,13,
7,circles,cceilrs,12,
7,greater,aeegrrt,15,
7,origins,giinors,15,
8,mouthful,fhlmotuu,12,
8,behavior,abehiorv,9,
8,commerce,cceemmor,11,
8,hedgehog,deegghho,11,
8,facility,acfiilty,10,
8,quantity,ainqttuy,10,
8,ambrosia,aabimors,12,
8,wildlife,defiillw,10,
8,deciding,cddegiin,11,
8,dumbbell,bbdellmu,9,
8,modeller,deellmor,12,
6,employ,elmopy,11,
6,proven,enoprv,14,
6,native,aeintv,15,
6,sleepy,eelpsy,14,
6,burned,bdenru,16,
6,winged,deginw,12,
6,stairs,airsst,21,
6,hotels,ehlost,12,
7,fishing,fghiins,12,
7,improve,eimoprv,10,
7,regular,aeglrru,16,
7,bravado,aabdorv,12,
7,tsunami,aimnstu,15,
7,farther,aefhrrt,11,
8,handball,aabdhlln,13,
8,whenever,eeehnrvw,10,
6,toecap,aceopt,14,
6,suffer,effrsu,14,
6,fourth,fhortu,13,
6,absorb,abbors,15,
6,mussel,elmssu,17,
6,trunks,knrstu,17,
6,castle,acelst,16,
6,racing,acginr,15,
7,concept,ccenopt,15,
7,reprove,eeoprrv,13,
7,iceberg,bceegir,13,
7,comment,cemmnot,14,
7,operate,aeeoprt,14,
7,justice,ceijstu,10,
8,civilian,aciiilnv,13,
8,hazelnut,aehlntuz,11,
8,deferred,ddeeefrr,11,
8,junction,cijnnotu,10,
8,carillon,acillnor,13,
6,custom,cmostu,16,
6,admire,adeimr,13,
6,beaver,abeerv,13,
6,knight,ghiknt,11,
6,forget,efgort,15,
6,really,aellry,14,
6,notice,ceinot,17,
6,sprout,oprstu,15,
6,minute,eimntu,17,
6,tender,deenrt,19,
7,biggest,beggist,16,
7,violate,aeilotv,12,
7,contest,cenostt,16,
7,juggler,eggjlru,14,
8,additive,addeiitv,11,
8,tactical,aacciltt,14,
8,recovery,ceeorrvy,9,
6,rather,aehrrt,16,
6,viewer,eeirvw,12,
7,lecture,ceelrtu,14,
7,decided,cdddeei,12,
7,varying,aginrvy,10,
7,meerkat,aeekmrt,11,
7,battery,abertty,12,
7,portion,inooprt,14,
7,degrees,deeegrs,14,
7,auction,acinotu,13,
8,sensible,beeilnss,16,
8,alveolar,aaellorv,12,
6,toward,adortw,16,
6,mallet,aellmt,18,
6,artery,aerrty,16,
6,driver,deirrv,14,
7,attempt,aempttt,15,
7,conquer,cenoqru,14,
7,compass,acmopss,10,
7,visited,deiistv,13,
7,seconds,cdenoss,14,
7,nursery,enrrsuy,19,
7,serious,eiorssu,19,
8,fishhook,fhhikoos,9,
8,audience,acdeeinu,13,
8,dramatic,aacdimrt,13,
6,notary,anorty,17,
6,scarab,aabcrs,14,
6,closer,celors,20,
6,create,aceert,17,
6,folder,deflor,16,
6,leader,adeelr,20,
6,devein,deeinv,13,
7,charity,achirty,9,
7,careful,aceflru,12,
7,nervous,enorsuv,15,
7,skimmer,eikmmrs,11,
7,tractor,acorrtt,18,
7,longest,eglnost,18,
7,economy,cemnooy,12,
7,sausage,aaegssu,18,
7,testing,eginstt,17,
7,linking,giiklnn,11,
8,silkworm,iklmorsw,11,
8,opponent,ennooppt,18,
8,priority,iioprrty,14,
8,bankrupt,abknprtu,11,
6,waiter,aeirtw,17,
6,wright,ghirtw,12,
6,treaty,aertty,17,
6,barrel,abelrr,17,
6,united,deintu,20,
6,filter,efilrt,14,
7,popular,aloppru,14,
7,blessed,bdeelss,17,
7,payment,aemnpty,10,
7,finance,acefinn,14,
7,depends,ddeenps,13,
7,writing,giinrtw,15,
8,extended,ddeeentx,13,
8,adequate,aadeeqtu,10,
8,biathlon,abhilnot,13,
8,training,agiinnrt,15,
6,pocket,cekopt,11,
6,cymbal,abclmy,11,
6,aspect,acepst,13,
6,rocket,cekort,13,
6,bangle,abegln,17,
6,median,adeimn,13,
6,remote,eemort,17,
6,secret,ceerst,19,
7,gymnast,agmnsty,12,
7,hottest,ehosttt,17,
7,besides,bdeeiss,16,
7,firefly,effilry,10,
7,boiling,bgiilno,16,
7,changes,aceghns,11,
7,trouble,belortu,15,
7,suspect,cepsstu,13,
7,driving,dgiinrv,14,
7,stadium,adimstu,13,
7,various,aiorsuv,16,
8,pacifier,acefiipr,11,
8,washbowl,abhlosww,10,
8,ablation,aabilnot,16,
8,resemble,beeelmrs,13,
8,contract,accnortt,13,
5,spray,aprsy,13,
5,feast,aefst,18,
6,mainly,ailmny,14,
6,module,delmou,16,
6,vendor,denorv,16,
6,paddle,addelp,16,
6,island,adilns,21,
6,welder,deelrw,15,
6,farmer,aefmrr,14,
6,repair,aeiprr,17,
7,compact,accmopt,13,
7,jealous,aejlosu,19,
7,stretch,cehrstt,15,
7,failure,aefilru,13,
7,bologna,abglnoo,17,
7,chances,accehns,10,
7,imagery,aegimry,12,
7,figures,efgirsu,13,
7,implies,eiilmps,13,
7,consult,clnostu,15,
7,wearing,aeginrw,13,
7,loading,adgilno,15,
7,conduit,cdinotu,16,
7,noticed,cdeinot,13,
7,grinder,deginrr,15,
8,stockpot,ckoopstt,11,
8,landfill,adfillln,16,
8,judicial,acdiijlu,14,
8,profound,dfnoopru,13,
8,overtone,eenoortv,14,
8,announce,acennnou,17,
8,adjacent,aacdejnt,12,
8,macaroon,aacmnoor,13,
8,definite,deefiint,12,
6,speedy,deepsy,14,
6,locate,acelot,19,
6,surely,elrsuy,19,
6,digest,degist,20,
6,fridge,defgir,15,
6,mobile,beilmo,15,
6,stride,deirst,18,
7,dogfish,dfghios,13,
7,gnocchi,ccghino,11,
7,perfume,eefmpru,13,
7,ravioli,aiilorv,18,
7,display,adilpsy,12,
7,diamond,addimno,15,
7,embassy,abemssy,11,
7,promote,emooprt,13,
7,nominal,ailmnno,19,
7,formula,aflmoru,12,
7,history,hiorsty,12,
7,episode,deeiops,13,
7,grilled,degillr,15,
8,formerly,eflmorry,10,
8,historic,chiiorst,12,
8,aptitude,adeipttu,13,
8,military,aiilmrty,12,
6,nearby,abenry,16,
6,simply,ilmpsy,13,
6,turban,abnrtu,19,
7,bombard,abbdmor,14,
7,defense,deeefns,16,
7,samurai,aaimrsu,19,
7,opening,eginnop,17,
7,capital,aacilpt,15,
7,removal,aelmorv,13,
7,service,ceeirsv,13,
7,species,ceeipss,12,
7,estates,aeesstt,20,
7,ferrous,eforrsu,15,
7,interim,eiimnrt,16,
8,wherever,eeehrrvw,12,
8,everyday,adeervyy,11,
8,canoeing,aceginno,14,
5,takes,aekst,17,
6,ballet,abellt,19,
6,choose,cehoos,13,
6,anchor,achnor,14,
6,dancer,acdenr,14,
6,flower,eflorw,13,
7,baptize,abeiptz,13,
7,harpoon,ahnoopr,14,
7,forever,eeforrv,13,
7,virtual,ailrtuv,19,
7,glimpse,egilmps,13,
7,located,acdelot,14,
7,against,aaginst,18,
7,clearly,acellry,13,
7,contain,acinnot,15,
7,letters,eelrstt,19,
8,simplify,fiilmpsy,9,
8,limiting,giiilmnt,16,
5,recap,acepr,15,
6,warmth,ahmrtw,12,
6,sticky,ciksty,11,
6,finger,efginr,15,
7,catwalk,aackltw,11,
7,primary,aimprry,13,
7,sulphur,hlprsuu,15,
7,grapple,aeglppr,14,
7,coaches,accehos,10,
7,advised,addeisv,13,
7,recycle,cceelry,13,
7,advisor,adiorsv,14,
7,veteran,aeenrtv,15,
7,scooter,ceoorst,16,
7,request,eeqrstu,12,
8,cucumber,bccemruu,12,
8,marriage,aaegimrr,14,
8,medicine,cdeeiimn,12,
8,incident,cdeiinnt,14,
